Column1.id,Column1.url,Column1.category.category,Column1.category.title,Column1.text
0,https://onepiece.fandom.com/wiki/Ame_Ame_no_Mi,devil_fruits,Ame Ame no Mi,"[ of Ame Ame no Mi]

 Ame Ame no Mi Statistics Japanese Name: アメアメの実 Official English Name: Ame Ame Fruit Meaning: Candy Usage Debut: Movie 4 Type: Logia Current User: Gasparde 
The Ame Ame no Mi is a movie-only Logia Devil Fruit that allows the user to create, control, and transform into candy syrup at will. It was eaten by the main antagonist of the fourth movie, Gasparde. "
2,https://onepiece.fandom.com/wiki/Goro_Goro_no_Mi,devil_fruits,Goro Goro no Mi,"[ of Goro Goro no Mi]

 Goro Goro no Mi Statistics Japanese Name: ゴロゴロの実 Official English Name: Rumble-Rumble Fruit Meaning: Sound of Thunder Fruit Debut: One Piece Magazine Vol.17 Usage Debut: Chapter 241; Episode 155 Type: Logia Current User: Enel 
The Goro Goro no Mi is a Logia-type Devil Fruit that grants the power to create, control, and become lightning at will, making the user a Lightning Human (雷人間, Kaminari Ningen?); it is one of the few abilities touted as ""invincible"" according to Nico Robin. The fruit was eaten by Enel. "
3,https://onepiece.fandom.com/wiki/Hie_Hie_no_Mi,devil_fruits,Hie Hie no Mi,"[ of Hie Hie no Mi]

 Hie Hie no Mi Statistics Japanese Name: ヒエヒエの実 Official English Name: Ice-Ice Fruit (Funimation);Chilly-Chilly Fruit (VIZ manga);Hie-Hie Fruit (One Piece Official YouTube Channel) Meaning: Chilly Usage Debut: Chapter 303; Episode 225 Type: Logia Current User: Kuzan 
The Hie Hie no Mi is a Logia-type Devil Fruit that allows the user to create, control, and transform into ice at will, turning them into a Freezing Human (氷結人間, Hyōketsu Ningen?). It was eaten by Kuzan, better known as former Admiral Aokiji. "
4,https://onepiece.fandom.com/wiki/Magu_Magu_no_Mi,devil_fruits,Magu Magu no Mi,"[ of Magu Magu no Mi]

 Magu Magu no Mi Statistics Japanese Name: マグマグの実 Official English Name: Mag-Mag Fruit (VIZ)Magma-Magma Fruit Meaning: Magma Usage Debut: Chapter 554; Episode 463 Type: Logia Current User: Sakazuki The Magu Magu no Mi is a Logia-type Devil Fruit that allows the user to create, control, and transform into magma at will, turning the user into a Magma Human (マグマ人間, Maguma Ningen?). It was eaten by Fleet Admiral Sakazuki, formerly known as Admiral Akainu. 
The fruit's power was first shown during the Summit War of Marineford, but its name was not revealed until SBS Volume 62. "
1,https://onepiece.fandom.com/wiki/Gasu_Gasu_no_Mi,devil_fruits,Gasu Gasu no Mi,"[ of Gasu Gasu no Mi]

 Gasu Gasu no Mi Statistics Japanese Name: ガスガスの実 Official English Name: Gas-Gas Fruit Meaning: Gas Usage Debut: Chapter 658; Episode 581 Type: Logia Current User: Caesar Clown 
The Gasu Gasu no Mi is a Logia-type Devil Fruit that allows the user to create, control, and transform into  gas at will. It was eaten by Caesar Clown. "
5,https://onepiece.fandom.com/wiki/Mera_Mera_no_Mi,devil_fruits,Mera Mera no Mi,"[ of Mera Mera no Mi]

 Mera Mera no Mi Statistics Japanese Name: メラメラの実 Official English Name: Flame-Flame Fruit (VIZ, Funimation dub);Flare-Flare Fruit (4Kids, Funimation subs) Meaning: Sound of fire burning Fruit Debut: Chapter 700; Episode 629 Usage Debut: Chapter 158; Episode 94 Type: Logia Previous User: Portgas D. Ace Current User: Sabo 
The Mera Mera no Mi is a Logia-type Devil Fruit that allows the user to create, control, and transform into fire at will. It was previously eaten by Portgas D. Ace, and currently by Sabo. "
0,"https://onepiece.fandom.com/wiki/Hebi_Hebi_no_Mi,_Model:_Anaconda",devil_fruits,"Hebi Hebi no Mi, Model: Anaconda","[ of Hebi Hebi no Mi, Model: Anaconda]

 Hebi Hebi no Mi, Model: Anaconda Statistics Japanese Name: ヘビヘビの実 モデル アナコンダ Romanized Name: Hebi Hebi no Mi, Moderu: Anakonda Official English Name: Snake-Snake Fruit Anaconda Model (Viz);Snake-Snake Fruit: Model Anaconda (FUNimation) Meaning: Snake Usage Debut: Chapter 518; Episode 412 Type: Zoan Current User: Boa Sandersonia 
The Hebi Hebi no Mi, Model: Anaconda is a Zoan-type Devil Fruit that allows its user to transform into an anaconda hybrid and a full anaconda at will. It was eaten by Boa Sandersonia, who was force-fed it by a World Noble. "
0,https://onepiece.fandom.com/wiki/Ato_Ato_no_Mi,devil_fruits,Ato Ato no Mi,"[ of Ato Ato no Mi]

 Ato Ato no Mi Statistics Japanese Name: アトアトの実 Official English Name: Art-Art Fruit Meaning: Art Usage Debut: Chapter 714; Episode 635 Type: Paramecia Current User: Giolla 
The Ato Ato no Mi is a Paramecia-class Devil Fruit that allows the user to turn people or objects into abstract art, turning the user into an Art Human (芸術人間, Āto Ningen?). It was eaten by Giolla. "
2,https://onepiece.fandom.com/wiki/Baku_Baku_no_Mi,devil_fruits,Baku Baku no Mi,"[ of Baku Baku no Mi]

 Baku Baku no Mi Statistics Japanese Name: バクバクの実 Official English Name: Munch-Munch FruitBaku Baku Fruit (Manga Entertainment) Meaning: Sound of Chomping Fruit Debut: One Piece Magazine Vol.9 Usage Debut: Chapter 131; Episode 79 Type: Paramecia Current User: Wapol 
The Baku Baku no Mi is a Paramecia-type Devil Fruit that allows the user to eat otherwise-inedible objects, then later manifesting them from their body. It was eaten by Wapol, king of the Black Drum Kingdom. "
8,https://onepiece.fandom.com/wiki/Numa_Numa_no_Mi,devil_fruits,Numa Numa no Mi,"[ of Numa Numa no Mi]

 Numa Numa no Mi Statistics Japanese Name: ヌマヌマの実 Official English Name: Swamp-Swamp Fruit Meaning: Swamp Usage Debut: Chapter 603; Episode 521 Type: Logia Current User: Caribou The Numa Numa no Mi is a Logia-type Devil Fruit that allows the user to create, control, and transform into ""swamp"" making the user a Swamp Human (沼人間, Numa Ningen?). It was eaten by Caribou. "
2,https://onepiece.fandom.com/wiki/Hito_Hito_no_Mi,devil_fruits,Hito Hito no Mi,"[ of Hito Hito no Mi]

 Hito Hito no Mi Statistics Japanese Name: ヒトヒトの実 Official English Name: Human-Human Fruit Meaning: Human Fruit Debut: One Piece Magazine Vol.6 Usage Debut: Chapter 138; Episode 83 Type: Zoan Current User: Tony Tony Chopper 
The Hito Hito no Mi is a Zoan-type Devil Fruit that allows its user to transform into a human hybrid or a human at will. It was eaten by the reindeer Tony Tony Chopper, turning him into a Human Reindeer (人間トナカイ, Ningen Tonakai?). "
3,https://onepiece.fandom.com/wiki/Bane_Bane_no_Mi,devil_fruits,Bane Bane no Mi,"[ of Bane Bane no Mi]

 Bane Bane no Mi Statistics Japanese Name: バネバネの実 Official English Name: Spring-Spring FruitBoing-Boing Fruit (Viz, former) Meaning: Spring Usage Debut: Chapter 231; Episode 150 Type: Paramecia Current User: Bellamy 
The Bane Bane no Mi is a Paramecia-type Devil Fruit that allows the user to turn their limbs into springs, making the user a Spring Human (バネ人間, Bane Ningen?). It was eaten by Bellamy. 
The power of the fruit was hinted at with the state of the site where Roshio was defeated. The fruit's actual power was revealed when Bellamy and his crew attacked the leaders of the Saruyama Alliance in order to steal Mont Blanc Cricket's gold. "
9,https://onepiece.fandom.com/wiki/Pasa_Pasa_no_Mi,devil_fruits,Pasa Pasa no Mi,"[ of Pasa Pasa no Mi]

 Pasa Pasa no Mi Statistics Japanese Name: パサパサの実 Official English Name: N/A Meaning: Paper Fruit Debut: Great Hidden Treasure of the Nanatsu Islands Usage Debut: Great Hidden Treasure of the Nanatsu Islands Type: Logia Previous User: Simon 
The Pasa Pasa no Mi is a non-canon Logia-type Devil Fruit that allows the user to create, control, and transform into pieces of paper at will. It was eaten by Simon, the main antagonist of the video game One Piece: Great Hidden Treasure of the Nanatsu Islands, but has returned into circulation with his death. "
6,https://onepiece.fandom.com/wiki/Moku_Moku_no_Mi,devil_fruits,Moku Moku no Mi,"[ of Moku Moku no Mi]

 Moku Moku no Mi Statistics Japanese Name: モクモクの実 Official English Name: Smoke-Smoke Fruit (4Kids);Plume-Plume Fruit (VIZ, Funimation);Steam-Steam Fruit (Grand Adventure);Seed of Smoke (Odex) Meaning: Sound of billowing smoke Fruit Debut: One Piece Magazine Vol.10 Usage Debut: Chapter 100; Episode 48 Type: Logia Current User: Smoker 
The Moku Moku no Mi is a Logia-type Devil Fruit that allows the user to create, control, and transform into smoke at will, making the user a Smoke Human (煙人間, Kemuri Ningen?). It was eaten by Smoker. "
3,"https://onepiece.fandom.com/wiki/Inu_Inu_no_Mi,_Model:_Dachshund",devil_fruits,"Inu Inu no Mi, Model: Dachshund","[ of Inu Inu no Mi, Model: Dachshund]

 Inu Inu no Mi, Model: Dachshund Statistics Japanese Name: イヌイヌの実 モデル「ダックスフント」 Romanized Name: Inu Inu no Mi, Moderu: Dakkusufunto Official English Name: Mutt-Mutt Fruit, Dachshund Type (Viz);Mutt-Mutt Fruit (4Kids);Dog-Dog Fruit, Model: Dachshund (Funimation) Meaning: Dog Usage Debut: Chapter 184; Episode 113 Type: Zoan Current User: Lassoo 
The Inu Inu no Mi, Model: Dachshund is a Zoan-type Devil Fruit that allows its user to transform into a dachshund hybrid and a full dachshund at will. It was ""eaten"" by Mr. 4's bazooka, Lassoo, through the process developed by Vegapunk. "
7,https://onepiece.fandom.com/wiki/Mori_Mori_no_Mi,devil_fruits,Mori Mori no Mi,"[ of Mori Mori no Mi]

 Mori Mori no Mi Statistics Japanese Name: モリモリの実 Official English Name: Woods-Woods Fruit Meaning: Forest Usage Debut: Chapter 1052; Episode 1079 Type: Logia Current User: Aramaki 
The Mori Mori no Mi is a Logia-type Devil Fruit which allows the user to create, control, and transform into flora at will, making the user a Forest Human (森人間, Mori Ningen?, VIZ: ""Woodsman""). It was eaten by Aramaki, better known as Admiral Ryokugyu. "
1,"https://onepiece.fandom.com/wiki/Hebi_Hebi_no_Mi,_Model:_King_Cobra",devil_fruits,"Hebi Hebi no Mi, Model: King Cobra","[ of Hebi Hebi no Mi, Model: King Cobra]

 Hebi Hebi no Mi, Model: King Cobra Statistics Japanese Name: ヘビヘビの実 モデル キングコブラ Romanized Name: Hebi Hebi no Mi Moderu Kingukobura Official English Name: Snake-Snake Fruit King Cobra Model (Viz);Snake-Snake Fruit: Model King Cobra (FUNimation) Meaning: Snake Usage Debut: Chapter 518; Episode 412 Type: Zoan Current User: Boa Marigold 
The Hebi Hebi no Mi, Model: King Cobra is a Zoan-type Devil Fruit that allows its user to turn into a king cobra hybrid and a full king cobra at will. It can also give the user the ability to create and spit venom. It was eaten by Boa Marigold, who was force-fed it by a World Noble. "
4,"https://onepiece.fandom.com/wiki/Inu_Inu_no_Mi,_Model:_Jackal",devil_fruits,"Inu Inu no Mi, Model: Jackal","[ of Inu Inu no Mi, Model: Jackal]

 Inu Inu no Mi, Model: Jackal Statistics Japanese Name: イヌイヌの実 モデル「ジャッカル」 Romanized Name: Inu Inu no Mi, Moderu: Jakkaru Official English Name: Dog-Dog Fruit, Model: Jackal (Funimation);Mutt-Mutt Fruit: Jackal Model (Viz);Mutt-Mutt Fruit: Jackal Strike (4Kids) Meaning: Dog Usage Debut: Chapter 196; Episode 120 Type: Zoan Current User: Chaka 
The Inu Inu no Mi, Model: Jackal is a Zoan-type Devil Fruit that allows its user to transform into a jackal hybrid and a full jackal at will. It was eaten by Chaka. "
1,https://onepiece.fandom.com/wiki/Awa_Awa_no_Mi,devil_fruits,Awa Awa no Mi,"[ of Awa Awa no Mi]

 Awa Awa no Mi Statistics Japanese Name: アワアワの実 Official English Name: Bubble-Bubble Fruit Meaning: Bubble Fruit Debut: Chapter 379; Episode 266 Usage Debut: Chapter 408; Episode 293 Type: Paramecia Current User: Kalifa 
The Awa Awa no Mi is a Paramecia type Devil Fruit that allows the user to emit and control soap and bubbles that can not only clean off dirt but can also ""clean off"" power, making the user a Soap Human (石鹸人間, Sekken Ningen?). It was eaten by Kalifa, who received it from Spandam. 
This ability is not to be confused with a Logia power, because the user cannot turn themselves into soap and bubbles. "
4,https://onepiece.fandom.com/wiki/Bara_Bara_no_Mi,devil_fruits,Bara Bara no Mi,"[ of Bara Bara no Mi]

 Bara Bara no Mi Statistics Japanese Name: バラバラの実 Official English Name: Chop-Chop FruitThe Fruit of Dismemberment (Odex) Meaning: Scattered; in pieces Fruit Debut: Chapter 19; Episode 8 Usage Debut: Chapter 9; Episode 5 Type: Paramecia Current User: Buggy 
The Bara Bara no Mi is a Paramecia-type Devil Fruit that allows the user to split their own body into pieces and control said pieces however they wish, as well as making the user immune to slashing attacks, making the user a Splitting Human (バラバラ人間, Barabara Ningen?). It was eaten by Buggy, albeit by accident as he originally intended to sell it. 
Its power was first demonstrated, but not clearly explained, when Buggy lifted up and choked one of his subordinates via his dismembered hand. "
10,https://onepiece.fandom.com/wiki/Pika_Pika_no_Mi,devil_fruits,Pika Pika no Mi,"[ of Pika Pika no Mi]

 Pika Pika no Mi Statistics Japanese Name: ピカピカの実 Romanized Name: Pika Pika no Mi Official English Name: Glint-Glint Fruit Meaning: Glimmer or Light Usage Debut: Chapter 506; Episode 400 Type: Logia Current User: Borsalino 
The Pika Pika no Mi is a Logia-type Devil Fruit that allows the user to create, control, and transform into light at will, turning the user into a Light Human (光人間, Hikari Ningen?). It enables the user to move at the speed of light and transport themself by means of reflection. It was eaten by Borsalino, also known as Admiral Kizaru. "
5,"https://onepiece.fandom.com/wiki/Inu_Inu_no_Mi,_Model:_Tanuki",devil_fruits,"Inu Inu no Mi, Model: Tanuki","[ of Inu Inu no Mi, Model: Tanuki]

 Inu Inu no Mi, Model: Tanuki Statistics Japanese Name: イヌイヌの実 モデル たぬき Romanized Name: Inu Inu no Mi, Moderu: Tanuki Official English Name: Dog-Dog Fruit, Model Tanuki Meaning: Dog, Tanuki Usage Debut: Chapter 911; Episode 894 Type: Zoan Current User: Bunbuku 
The Inu Inu no Mi, Model: Tanuki is a Zoan-type Devil Fruit that allows its user to transform into a tanuki hybrid and a full tanuki at will. It was ""eaten"" by Tenguyama Hitetsu's teapot, Bunbuku. "
5,https://onepiece.fandom.com/wiki/Bari_Bari_no_Mi,devil_fruits,Bari Bari no Mi,"[ of Bari Bari no Mi]

 Bari Bari no Mi Statistics Japanese Name: バリバリの実 Official English Name: Barrier-Barrier Fruit (VIZ and Funimation subs);Bari-Bari Fruit (Funimation dub) Meaning: Barrier Usage Debut: Chapter 708; Episode 637 Type: Paramecia Previous User: Kurozumi Semimaru Current User: Bartolomeo 
The Bari Bari no Mi is a Paramecia-type Devil Fruit that allows the user to generate barriers, making them a Barrier Human (バリア人間, Baria Ningen?). It was previously eaten by Kurozumi Semimaru, and currently by Bartolomeo. "
12,https://onepiece.fandom.com/wiki/Susu_Susu_no_Mi,devil_fruits,Susu Susu no Mi,"[ of Susu Susu no Mi]

 Susu Susu no Mi Statistics Japanese Name: ススススの実 Official English Name: Soot-Soot Fruit Meaning: Soot Usage Debut: Chapter 593; Episode 510 Type: Logia Current User: Karasu 
The Susu Susu no Mi is a Logia-type Devil Fruit that allows the user to create, control, and transform into soot at will. It was eaten by Karasu. "
6,"https://onepiece.fandom.com/wiki/Inu_Inu_no_Mi,_Model:_Wolf",devil_fruits,"Inu Inu no Mi, Model: Wolf","[ of Inu Inu no Mi, Model: Wolf]

 Inu Inu no Mi, Model: Wolf Beast Form Human-Beast Form Statistics Japanese Name: イヌイヌの実 モデル「狼」 Romanized Name: Inu Inu no Mi, Moderu: Urufu Official English Name: Mutt-Mutt Fruit Wolf Model (Viz) Dog-Dog Fruit Model Wolf (Funimation) Meaning: Dog Usage Debut: Chapter 401; Episode 286 Type: Zoan Current User: Jabra 
The Inu Inu no Mi, Model: Wolf is a Zoan-type Devil Fruit that allows its user to transform into a wolf hybrid (which almost resembles a werewolf) and a full wolf at will, making the user a Wolf Human (狼人間, Ōkami Ningen?). It was eaten by Jabra. "
6,https://onepiece.fandom.com/wiki/Bata_Bata_no_Mi,devil_fruits,Bata Bata no Mi,"[ of Bata Bata no Mi]

 Bata Bata no Mi Statistics Japanese Name: バタバタの実 Official English Name: Butter-Butter Fruit Meaning: Butter Usage Debut: Chapter 846; Episode 811 Type: Paramecia Current User: Charlotte Galette The Bata Bata no Mi is a Paramecia-type Devil Fruit which allows the user to create and control butter, making them a Butter Human (バター人間, Batā Ningen?, VIZ: ""Butterwoman""). It was eaten by Charlotte Galette. "
11,https://onepiece.fandom.com/wiki/Suna_Suna_no_Mi,devil_fruits,Suna Suna no Mi,"[ of Suna Suna no Mi]

 Suna Suna no Mi Statistics Japanese Name: スナスナの実 Official English Name: Sand-Sand Fruit Meaning: Sand Fruit Debut: One Piece Magazine Vol.12 Usage Debut: Chapter 127; Episode 77 Type: Logia Current User: Crocodile 
The Suna Suna no Mi is a Logia-type Devil Fruit that allows the user to create, control, and transform into sand at will, turning the user into a Sand Human (砂人間, Suna Ningen?). It was eaten by Crocodile. 
Its powers were first shown, but not fully explained, being used to dry up a flower in a glass during the call between Crocodile and Sanji in Little Garden. The power of this fruit was finally shown in a battle between Crocodile and Puppu's crew, and named when he avoided Nefertari Vivi's attack with the power. "
7,https://onepiece.fandom.com/wiki/Kame_Kame_no_Mi,devil_fruits,Kame Kame no Mi,"[ of Kame Kame no Mi]

 Kame Kame no Mi Statistics Japanese Name: カメカメの実 Official English Name: Turtle-Turtle Fruit Meaning: Turtle Usage Debut: Chapter 652; Episode 572 Type: Zoan Current User: Pekoms The Kame Kame no Mi is a Zoan-type Devil Fruit that allows the user to become a turtle hybrid and full turtle at will. It was eaten by Pekoms. Its powers were first revealed in the Fish-Man Island Arc, but the name of the fruit was not given until the Zou Arc. "
13,https://onepiece.fandom.com/wiki/Toro_Toro_no_Mi,devil_fruits,Toro Toro no Mi,"[ of Toro Toro no Mi]

 Toro Toro no Mi Statistics Japanese Name: トロトロの実 Official English Name: Liquid Fruit Meaning: Sound of a liquid with a syrupy consistency Usage Debut: Clockwork Island Adventure Type: Logia Current User: Honey Queen 
The Toro Toro no Mi is a non-canon Logia-type Devil Fruit from the second movie that allows the user to create, control, and transform into an unidentified liquid at will. It was eaten by Honey Queen. "
7,https://onepiece.fandom.com/wiki/Beri_Beri_no_Mi,devil_fruits,Beri Beri no Mi,"[ of Beri Beri no Mi]

 Beri Beri no Mi Statistics Japanese Name: ベリベリの実 Official English Name: Berry-Berry Fruit Meaning: Berry Usage Debut: Chapter 426; Episode 309 Type: Paramecia Current User: Very Good 
The Beri Beri no Mi is a Paramecia-type Devil Fruit that allows the user to transform their body parts into a multitude of berry-like balls, making the user a Grape Human (ブドウ人間, Budō Ningen?). The effect is similar to that of the Bara Bara no Mi. It was eaten by Very Good. "
11,"https://onepiece.fandom.com/wiki/Neko_Neko_no_Mi,_Model:_Leopard",devil_fruits,"Neko Neko no Mi, Model: Leopard","[ of Neko Neko no Mi, Model: Leopard]

 Neko Neko no Mi, Model: Leopard Statistics Japanese Name: ネコネコの実 モデル“豹” Romanized Name: Neko Neko no Mi, Moderu: Reoparudo Official English Name: Cat-Cat Fruit Leopard Model (Viz);Cat-Cat Fruit, Model: Leopard (Viz, Funimation) Meaning: Cat Fruit Debut: One Piece Magazine Vol.16 Usage Debut: Chapter 348; Episode 245 Type: Zoan Current User: Rob Lucci 
The Neko Neko no Mi, Model: Leopard is a Zoan-type Devil Fruit that allows its user to transform into a leopard hybrid and a full leopard at will, making the user a Leopard Human (ヒョウ人間, Hyō Ningen?). It was eaten by Rob Lucci. "
10,"https://onepiece.fandom.com/wiki/Mushi_Mushi_no_Mi,_Model:_Suzumebachi",devil_fruits,"Mushi Mushi no Mi, Model: Suzumebachi","[ of Mushi Mushi no Mi, Model: Suzumebachi]

 Mushi Mushi no Mi, Model: Suzumebachi Statistics Japanese Name: ムシムシの実 モデルスズメバチ Romanized Name: Mushi Mushi no Mi, Moderu: Suzumebachi Official English Name: Bug-Bug Fruit, Model: Hornet Meaning: Insect; Hornet Usage Debut: Chapter 718; Episode 648 Type: Zoan Current User: Bian 
The Mushi Mushi no Mi, Model: Suzumebachi is a Zoan-type Devil Fruit that allows its user to transform into a hornet hybrid and full hornet at will. It was eaten by Bian. "
11,https://onepiece.fandom.com/wiki/Buki_Buki_no_Mi,devil_fruits,Buki Buki no Mi,"[ of Buki Buki no Mi]

 Buki Buki no Mi Statistics Japanese Name: ブキブキの実 Romanized Name: Buki Buki no Mi Official English Name: Arms-Arms Fruit Meaning: Weapon Usage Debut: Chapter 682; Episode 608 Type: Paramecia Current User: Baby 5 
The Buki Buki no Mi is a Paramecia type Devil Fruit that gives the user the ability to change their body parts into weapons, which lets the user become a Full-Body Weapon Human (全身武器人間, Zenshin Buki Ningen?). It was eaten by Baby 5. "
9,"https://onepiece.fandom.com/wiki/Mushi_Mushi_no_Mi,_Model:_Kabutomushi",devil_fruits,"Mushi Mushi no Mi, Model: Kabutomushi","[ of Mushi Mushi no Mi, Model: Kabutomushi]

 Mushi Mushi no Mi, Model: Kabutomushi Statistics Japanese Name: ムシムシの実 モデルカブトムシ Romanized Name: Mushi Mushi no Mi, Moderu: Kabutomushi Official English Name: Bug-Bug Fruit, Model: Rhinoceros beetle Meaning: Insect; Rhinoceros Beetle Usage Debut: Chapter 718; Episode 648 Type: Zoan Current User: Kabu 
The Mushi Mushi no Mi, Model: Kabutomushi is a Zoan-type Devil Fruit that allows its user to transform into a rhinoceros beetle hybrid and full rhinoceros beetle at will. It was eaten by Kabu. "
10,https://onepiece.fandom.com/wiki/Bomu_Bomu_no_Mi,devil_fruits,Bomu Bomu no Mi,"[ of Bomu Bomu no Mi]

 Bomu Bomu no Mi Statistics Japanese Name: ボムボムの実 Official English Name: Bomb-Bomb Fruit (4Kids, Funimation, Odex); Boom-Boom Fruit (Viz) Meaning: Bomb Fruit Debut: One Piece Magazine Vol.11 Usage Debut: Chapter 110; Episode 65 Type: Paramecia Current User: Gem 
The Bomu Bomu no Mi is a Paramecia-type Devil Fruit that allows the user to make any part of their body explode, whether it be their limbs, hair, mucus, even breath or cough, making the user a Bomb Human (爆弾人間, Bakudan Ningen?, VIZ: ""Human Dynamite""). It was eaten by Gem, better known by his Baroque Works alias Mr. 5. "
8,https://onepiece.fandom.com/wiki/Beta_Beta_no_Mi,devil_fruits,Beta Beta no Mi,"[ of Beta Beta no Mi]

 Beta Beta no Mi Statistics Japanese Name: ベタベタの実 Official English Name: Stick-Stick Fruit (VIZ)Sticky-Sticky Fruit (Funimation) Meaning: Sticky Usage Debut: Chapter 700; Episode 629 Type: Paramecia Current User: Trebol 
The Beta Beta no Mi is a Paramecia-type Devil Fruit that allows the user to create and control mucus, making the user a Mucus Human (粘液人間, Nen'eki Ningen?, VIZ: ""Mucus-Man""). It was eaten by Trebol. "
9,https://onepiece.fandom.com/wiki/Bisu_Bisu_no_Mi,devil_fruits,Bisu Bisu no Mi,"[ of Bisu Bisu no Mi]

 Bisu Bisu no Mi Statistics Japanese Name: ビスビスの実 Official English Name: Bis-Bis Fruit Meaning: Biscuit Usage Debut: Chapter 835; Episode 796 Type: Paramecia Current User: Charlotte Cracker 
The Bisu Bisu no Mi is a Paramecia-type Devil Fruit that allows the user to generate and manipulate biscuits at will, making them a Biscuit Human (ビスケット人間, Bisuketto Ningen?, VIZ: ""Biscuitman""). It was eaten by Charlotte Cracker. "
15,https://onepiece.fandom.com/wiki/Yuki_Yuki_no_Mi,devil_fruits,Yuki Yuki no Mi,"[ of Yuki Yuki no Mi]

 Yuki Yuki no Mi Statistics Japanese Name: ユキユキの実 Official English Name: Snow-Snow Fruit Meaning: Snow Usage Debut: Chapter 681; Episode 607 Type: Logia Previous User: Monet 
The Yuki Yuki no Mi is a Logia-type Devil Fruit that allows the user to create, control, and transform into the element of ""snow"" at will, turning the user into a Snow Human (雪人間, Yuki Ningen?). The fruit was eaten by Monet, but with her death has returned to circulation. "
8,https://onepiece.fandom.com/wiki/Mogu_Mogu_no_Mi,devil_fruits,Mogu Mogu no Mi,"[ of Mogu Mogu no Mi]

 Mogu Mogu no Mi Statistics Japanese Name: モグモグの実 Official English Name: Mole-Mole Fruit (Funimation);Diggy-Diggy Fruit (Viz, 4Kids) Meaning: From Mogura (土竜), meaning Mole Usage Debut: Chapter 184; Episode 113 Type: Zoan Current User: Drophy 
The Mogu Mogu no Mi is a Zoan-type Devil Fruit that allows its user to transform into a mole hybrid and a full mole at will, making the user a Mole Human (モグラ人間, Mogura Ningen?). It was eaten by Drophy, better known by her Baroque Works alias Miss Merry Christmas. 
Its powers were first explained by Chopper to Usopp before actually being clearly seen. "
12,https://onepiece.fandom.com/wiki/Buku_Buku_no_Mi,devil_fruits,Buku Buku no Mi,"[ of Buku Buku no Mi]

 Buku Buku no Mi Statistics Japanese Name: ブクブクの実 Official English Name: Book-Book Fruit Meaning: Book Usage Debut: Chapter 846; Episode 810 Type: Paramecia Current User: Charlotte Mont-d'Or 
The Buku Buku no Mi is a Paramecia-type Devil Fruit that allows the user to manipulate books, making them a Book Human (書籍人間, Shoseki Ningen?, VIZ: ""Bookkeeper""). It was eaten by Charlotte Mont-d'Or. "
12,"https://onepiece.fandom.com/wiki/Sara_Sara_no_Mi,_Model:_Axolotl",devil_fruits,"Sara Sara no Mi, Model: Axolotl","[ of Sara Sara no Mi, Model: Axolotl]

 Sara Sara no Mi, Model: Axolotl Statistics Japanese Name: サラサラの実 モデル""アホロートル"" Romanized Name: Sara Sara no Mi: Moderu Ahorōtoru Official English Name: Sala-Sala Fruit, Model: Axolotl Meaning: Salamander Fruit Debut: Chapter 676; Episode 602 Usage Debut: Chapter 668; Episode 594 Type: Zoan Previous User: Smiley The Sara Sara no Mi, Model: Axolotl is a Zoan-type Devil Fruit that allows its user to turn into an axolotl hybrid and a full axolotl at will. It was ""eaten"" by Smiley, but with its death, the fruit has returned into circulation. "
13,https://onepiece.fandom.com/wiki/Chiyu_Chiyu_no_Mi,devil_fruits,Chiyu Chiyu no Mi,"[ of Chiyu Chiyu no Mi]

 Chiyu Chiyu no Mi Statistics Japanese Name: チユチユの実 Official English Name: Heal-Heal Fruit Meaning: Healing Usage Debut: Chapter 774; Episode 714 Type: Paramecia Current User: Mansherry 
The Chiyu Chiyu no Mi is a Paramecia-type Devil Fruit that grants the user the ability to heal any wound or injury through the use of liquid that comes from the user's body like tears. It was eaten by Mansherry. "
14,https://onepiece.fandom.com/wiki/Yami_Yami_no_Mi,devil_fruits,Yami Yami no Mi,"[ of Yami Yami no Mi]

 Yami Yami no Mi Statistics Japanese Name: ヤミヤミの実 Official English Name: Dark-Dark Fruit Meaning: Darkness Fruit Debut: Chapter 440; Episode 325 Usage Debut: Chapter 440; Episode 325 Type: Logia Current User: Marshall D. Teach 
The Yami Yami no Mi is a Logia-type Devil Fruit that allows the user to create, control, and transform into darkness at will, making the user a Darkness Human (闇人間, Yami Ningen?). It was eaten by Marshall D. Teach, also known as Blackbeard, who stole it from Commander Thatch of the Whitebeard Pirates' 4th division after murdering him.  
This fruit is considered ""unique"" even for a Logia-type, and the ability it grants is said to be the ""most evil"". "
13,https://onepiece.fandom.com/wiki/SMILE,devil_fruits,SMILE,"[ of SMILE]

 SMILE Statistics Japanese Name: SMILE; 人造悪魔の実 Romanized Name: Sumairu Official English Name: SMILE Fruit Debut: Chapter 689; Episode 615 Usage Debut: Chapter 689; Episode 615 Type: Artificial Zoan Current User: Gifters; Various people 
SMILEs are artificial Zoan Devil Fruits created with SAD. They were formerly manufactured by Donquixote Doflamingo and Caesar Clown and were monopolized and consumed by the members of the Beasts Pirates, which created the classifications of the Gifters, Pleasures, and Waiters within the crew. 
SMILEs do not have individual names like the standard Devil Fruits, and are instead referred to as ""(Animal species) no SMILE"". In the English subtitles, they are referred to as ""(Animal species) SMILE"". "
14,https://onepiece.fandom.com/wiki/Choki_Choki_no_Mi,devil_fruits,Choki Choki no Mi,"[ of Choki Choki no Mi]

 Choki Choki no Mi Statistics Japanese Name: チョキチョキの実 Official English Name: Snip-Snip Fruit (VIZ and Funimation);Shear-Shear Fruit (One Piece Official YouTube Channel) Meaning: Sound of scissors Usage Debut: Chapter 540; Episode 442 Type: Paramecia Current User: Inazuma 
The Choki Choki no Mi is a Paramecia-type Devil Fruit that allows the user to transform parts of their body into scissors and cut solid objects as if they were paper, making the user a Scissors Human (ハサミ人間, Hasami Ningen?). It was eaten by Inazuma. "
14,https://onepiece.fandom.com/wiki/Tama_Tama_no_Mi,devil_fruits,Tama Tama no Mi,"[ of Tama Tama no Mi]

 Tama Tama no Mi Statistics Japanese Name: タマタマの実 Official English Name: Egg-Egg Fruit Meaning: Egg Usage Debut: Chapter 850; Episode 816 Type: Zoan Current User: Tamago 
The Tama Tama no Mi is a Zoan-type Devil Fruit that turns the user's body composition into that of an egg, which if cracked open will cause the user to regenerate into a stronger body that features more and more chicken-like features each time. It was eaten by Tamago. "
15,https://onepiece.fandom.com/wiki/Deka_Deka_no_Mi,devil_fruits,Deka Deka no Mi,"[ of Deka Deka no Mi]

 Deka Deka no Mi Statistics Japanese Name: デカデカの実 Official English Name: Huge-Huge Fruit Meaning: Huge Usage Debut: Chapter 575; Episode 484 Type: Paramecia Current User: Sanjuan Wolf 
The Deka Deka  no Mi is a Paramecia-type Devil Fruit that allows its user to drastically enlarge their body, making them a Gigantification Human (巨大化人間, Kyodai-ka Ningen?). It was eaten by Sanjuan Wolf. "
15,"https://onepiece.fandom.com/wiki/Tori_Tori_no_Mi,_Model:_Albatross",devil_fruits,"Tori Tori no Mi, Model: Albatross","[ of Tori Tori no Mi, Model: Albatross]

 Tori Tori no Mi, Model: Albatross Statistics Japanese Name: トリトリの実 モデル“アルバトロス” Romanized Name: Tori Tori no Mi Moderu Arubatorosu Official English Name: Bird-Bird Fruit Model Albatross Meaning: Bird, Albatross Usage Debut: Chapter 860; Episode 830 Type: Zoan Current User: Morgans 
The Tori Tori no Mi, Model: Albatross is a Zoan-type Devil Fruit that allows its user to transform into an albatross hybrid and a full albatross at will. It was eaten by Morgans. "
16,https://onepiece.fandom.com/wiki/Doa_Doa_no_Mi,devil_fruits,Doa Doa no Mi,"[ of Doa Doa no Mi]

 Doa Doa no Mi Statistics Japanese Name: ドアドアの実 Official English Name: Door-Door Fruit Meaning: Door Usage Debut: Chapter 326; Episode 231 Type: Paramecia Current User: Blueno 
The Doa Doa no Mi is a Paramecia-type Devil Fruit that allows the user to create doors through anything they touch, making the user a Door Human (ドア人間, Doa Ningen?). The doors they create can be created from any part of their body, from the palm of their hands to their whole body itself, and usually take the shape and form of the body part creating it. The doors remain as passageways anyone can pass through until closed completely. It was eaten by Blueno. "
17,"https://onepiece.fandom.com/wiki/Tori_Tori_no_Mi,_Model:_Falcon",devil_fruits,"Tori Tori no Mi, Model: Falcon","[ of Tori Tori no Mi, Model: Falcon]

 Tori Tori no Mi, Model: Falcon Beast Form Human-Beast Form Statistics Japanese Name: トリトリの実 モデル “隼” Romanized Name: Tori Tori no Mi Moderu ""Farukon"" Official English Name: Tweet-Tweet Fruit (4Kids);Tweet-Tweet Fruit Falcon Type (Viz);Bird-Bird Fruit Model: The Falcon (Funimation) Meaning: Bird Usage Debut: Chapter 169; Episode 106 Type: Zoan Current User: Pell 
The Tori Tori no Mi, Model: Falcon is a Zoan-type Devil Fruit that allows its user to transform into a falcon hybrid and a full falcon at will. It was eaten by Pell, and according to him, it is one of the only five types of flying powers ever discovered. "
16,"https://onepiece.fandom.com/wiki/Tori_Tori_no_Mi,_Model:_Eagle",devil_fruits,"Tori Tori no Mi, Model: Eagle","[ of Tori Tori no Mi, Model: Eagle]

 Tori Tori no Mi, Model: Eagle Statistics Japanese Name: トリトリの実 モデル""鷲"" Romanized Name: Tori Tori no Mi: Moderu ""Īguru"" Meaning: Bird Usage Debut: Movie 11 Type: Zoan Current User: Buzz 
The Tori Tori no Mi, Model: Eagle is an anime-only Zoan-type Devil Fruit that allows its user to transform into an eagle hybrid and a full eagle at will. It was eaten by Buzz. "
17,https://onepiece.fandom.com/wiki/Doku_Doku_no_Mi,devil_fruits,Doku Doku no Mi,"[ of Doku Doku no Mi]

 Doku Doku no Mi Statistics Japanese Name: ドクドクの実 Official English Name: Venom-Venom Fruit Meaning: Poison Usage Debut: Chapter 528; Episode 425 Type: Paramecia Current User: Magellan 
The Doku Doku no Mi is a Paramecia-type Devil Fruit that grants the user the ability to produce and control different types of poison, as well as grants immunity to all forms of poison, making the user a Poison Human (毒人間, Doku Ningen?). It was eaten by Magellan. 
This ability is not to be confused with a Logia-type power, as the user cannot transform their body into poison. "
18,https://onepiece.fandom.com/wiki/Uma_Uma_no_Mi,devil_fruits,Uma Uma no Mi,"[ of Uma Uma no Mi]

 Uma Uma no Mi Statistics Japanese Name: ウマウマの実 Official English Name: Horse-Horse Fruit Meaning: Horse Usage Debut: Chapter 238; Episode 153 Type: Zoan Current User: Pierre 
The Uma Uma no Mi is a Zoan-type Devil Fruit that allows its user to transform into a horse hybrid and a full horse at will. It was eaten by Gan Fall's bird, Pierre. "
18,https://onepiece.fandom.com/wiki/Doru_Doru_no_Mi,devil_fruits,Doru Doru no Mi,"[ of Doru Doru no Mi]

 Doru Doru no Mi Statistics Japanese Name: ドルドルの実 Official English Name: Wax-Wax FruitFruit of the Doru-Doru (Odex) Meaning: Candle Fruit Debut: One Piece Magazine Vol.9 Usage Debut: Chapter 118; Episode 71 Type: Paramecia Current User: Galdino 
The Doru Doru no Mi is a Paramecia-type Devil Fruit that allows the user to create large quantities of candle wax from their body and control it, making the user a Candle Human (ろうそく人間, Kyandoru Ningen?, VIZ: ""Human Candle"", ""Wax Man""). It was eaten by Galdino, better known by his Baroque Works alias, Mr. 3. "
19,https://onepiece.fandom.com/wiki/Fude_Fude_no_Mi,devil_fruits,Fude Fude no Mi,"[ of Fude Fude no Mi]

 Fude Fude no Mi Statistics Japanese Name: フデフデの実 Official English Name: Brush-Brush Fruit Meaning: Brush Fruit Debut: Chapter 974; Episode 976 Usage Debut: Chapter 754; Episode 691 Type: Paramecia Previous User: Kurozumi Kanjuro The Fude Fude no Mi is a Paramecia-type Devil Fruit that allows the user to generate ink from their body and use a painting brush to turn images created with that ink into three-dimensional, lifelike objects. It was eaten by Kurozumi Kanjuro, but with his death, it has returned to circulation. "
19,"https://onepiece.fandom.com/wiki/Ushi_Ushi_no_Mi,_Model:_Bison",devil_fruits,"Ushi Ushi no Mi, Model: Bison","[ of Ushi Ushi no Mi, Model: Bison]

 Ushi Ushi no Mi, Model: Bison Statistics Japanese Name: ウシウシの実 モデル 野牛 Romanized Name: Ushi Ushi no Mi, Moderu: Baison Official English Name: Ox-Ox Fruit (4Kids);Ox-Ox Fruit, Bison Model (Viz);Ox-Ox Fruit, Bison Form (Funimation) Meaning: Cow Fruit Debut: Chapter 1070; One Piece Magazine Vol.12 Usage Debut: Chapter 135; Episode 81 Type: Zoan Current User: Dalton 
The Ushi Ushi no Mi, Model: Bison is a Zoan-type Devil Fruit that allows its user to transform into a full bison or a half-bison hybrid at will. It was eaten by Dalton. "
20,https://onepiece.fandom.com/wiki/Fuku_Fuku_no_Mi,devil_fruits,Fuku Fuku no Mi,"[ of Fuku Fuku no Mi]

 Fuku Fuku no Mi Statistics Japanese Name: フクフクの実 Official English Name: Garb-Garb Jutsu (VIZ and Funimation);Garb-Garb Fruit (One Piece Official YouTube Channel) Meaning: Clothing Usage Debut: Chapter 663; Episode 588 Type: Paramecia Current User: Kin'emon 
The Fuku Fuku no Mi is a Paramecia-type Devil Fruit which allows the user to create clothing and other apparel out of leaves or stones by visualizing them. It was eaten by Kin'emon. "
20,"https://onepiece.fandom.com/wiki/Ushi_Ushi_no_Mi,_Model:_Giraffe",devil_fruits,"Ushi Ushi no Mi, Model: Giraffe","[ of Ushi Ushi no Mi, Model: Giraffe]

 Ushi Ushi no Mi, Model: Giraffe Statistics Japanese Name: ウシウシの実 モデル“麒麟” Romanized Name: Ushi Ushi no Mi, Moderu: Jirafu Official English Name: Ox-Ox Fruit, Model: Giraffe (Funimation);Ox-Ox Fruit Giraffe Model (VIZ) Meaning: Cow, Qilin Fruit Debut: Chapter 379; Episode 266 Usage Debut: Chapter 401; Episode 286 Type: Zoan Previous User: Unnamed New World pirate ≠ Current User: Kaku 
The Ushi Ushi no Mi, Model: Giraffe is a Zoan-type Devil Fruit that allows its user to transform into a giraffe hybrid and a full giraffe at will, making the user a Giraffe Human (キリン人間, Kirin Ningen?). It was eaten by Kaku, who received it from Spandam. In One Piece episode A, an unknown New World pirate used this fruit, before he was defeated by Portgas D. Ace and finished off by Marshall D. Teach. "
21,https://onepiece.fandom.com/wiki/Fuwa_Fuwa_no_Mi,devil_fruits,Fuwa Fuwa no Mi,"[ of Fuwa Fuwa no Mi]

 Fuwa Fuwa no Mi Statistics Japanese Name: フワフワの実 Official English Name: Float-Float Fruit Meaning: Float Usage Debut: Chapter 0; Episode 426 Type: Paramecia Current User: Shiki 
The Fuwa Fuwa no Mi is a Paramecia-type Devil Fruit that allows the user to levitate themselves and non-living things into the air. It was eaten by Shiki. "
21,https://onepiece.fandom.com/wiki/Zou_Zou_no_Mi,devil_fruits,Zou Zou no Mi,"[ of Zou Zou no Mi]

 Zou Zou no Mi Full-Beast Form Hybrid Form Statistics Japanese Name: ゾウゾウの実 Romanized Name: Zō Zō no Mi Official English Name: Eleph-Eleph Fruit (Viz); Elephant-Elephant Fruit (Funimation, Viz); Eleph-Eleph Fruit (ONE PIECE Official Youtube Channel) Meaning: Elephant Usage Debut: Chapter 400; Episode 285 Type: Zoan Current User: Funkfreed 
The Zou Zou no Mi is a Zoan-type Devil Fruit that allows the user to transform into an elephant hybrid and a full elephant at will. It was ""eaten"" by Spandam's sword, Funkfreed, through the process developed by Vegapunk. "
22,https://onepiece.fandom.com/wiki/Gabu_Gabu_no_Mi,devil_fruits,Gabu Gabu no Mi,"[ of Gabu Gabu no Mi]

 Gabu Gabu no Mi Statistics Japanese Name: ガブガブの実 Official English Name: Glug-Glug Fruit Meaning: Gulping down a drink Usage Debut: Chapter 1080 (mentioned) Type: Paramecia Current User: Vasco Shot 
The Gabu Gabu no Mi is a Paramecia-type Devil Fruit that makes the user a Liquor Human (酒人間, Sake Ningen?, VIZ: ""Booze-Man""). It was eaten by Vasco Shot. "
23,https://onepiece.fandom.com/wiki/Giro_Giro_no_Mi,devil_fruits,Giro Giro no Mi,"[ of Giro Giro no Mi]

 Giro Giro no Mi Statistics Japanese Name: ギロギロの実 Official English Name: Glare-Glare Fruit Meaning: Glare; Stare Usage Debut: Chapter 712; Episode 640 Type: Paramecia Current User: Viola 
The Giro Giro no Mi is a Paramecia-type Devil Fruit that allows the user to see through everything and read the minds of others, allowing the user to become an Insight Human (眼力人間, Ganriki Ningen?, Viz: Eagle-Eyed Seer). It was eaten by Viola. "
24,https://onepiece.fandom.com/wiki/Gocha_Gocha_no_Mi,devil_fruits,Gocha Gocha no Mi,"[ of Gocha Gocha no Mi]

 Gocha Gocha no Mi Statistics Japanese Name: ゴチャゴチャの実 Official English Name: Pile-Pile Fruit Meaning: Mix Usage Debut: Chapter 900; Episode 875 Type: Paramecia Current User: Charlotte Newshi 
The Gocha Gocha no Mi is a Paramecia-type Devil Fruit that allows the user to merge themselves with other people. It was eaten by Big Mom Pirates member Charlotte Newshi. "
25,https://onepiece.fandom.com/wiki/Gomu_Gomu_no_Mi,devil_fruits,Gomu Gomu no Mi,"[ of Gomu Gomu no Mi]

 Gomu Gomu no Mi(Hito Hito no Mi, Model: Nika) Statistics Japanese Name: ゴムゴムの実ヒトヒトの実 モデル「ニカ」 Official English Name: Gum-Gum FruitHuman-Human Fruit, Model: Nika Meaning: Rubber;Human;Nika Fruit Debut: Chapter 1; Episode 4 Usage Debut: Chapter 1; Episode 1 Type: Paramecia;Mythical Zoan Previous User: Unknown person Current User: Monkey D. Luffy 
The Gomu Gomu no Mi is a Paramecia-type Devil Fruit that grants the user's body the properties of rubber, effectively making them a Rubber Human (ゴム人間, Gomu Ningen?). Originally, the fruit was called Hito Hito no Mi, Model: Nika and classified as a Mythical Zoan-type fruit that allows one to transform into the legendary ""Sun God"" Nika (and gain his rubbery attributes), before being renamed and reclassified by the World Government to hide the truth. In the present, only Imu and the Five Elders are known to know of the fruit's true nature, and its existence was never known to be recorded anywhere. 
Around 13 years ago, the World Government had managed to capture and secure the fruit after chasing it for over 800 years. However, during transport, it was stolen by Shanks and his crew. Shortly after, it was accidentally eaten by the series' protagonist, Monkey D. Luffy. "
26,https://onepiece.fandom.com/wiki/Gura_Gura_no_Mi,devil_fruits,Gura Gura no Mi,"[ of Gura Gura no Mi]

 Gura Gura no Mi Statistics Japanese Name: グラグラの実 Official English Name: Tremor-Tremor Fruit or Quake-Quake Fruit Meaning: Sound of shaking Usage Debut: Chapter 552; Episode 461 (Edward Newgate)Chapter 577; Episode 486 (Marshall D. Teach) Type: Paramecia Previous User: Edward Newgate Current User: Marshall D. Teach 
The Gura Gura no Mi is a Paramecia-type Devil Fruit which allows the user to create vibrations, or ""quakes"", making the user a Tremor Human (震動人間, Shindō Ningen?). It was eaten by Edward Newgate, but upon his death, its power was stolen by Marshall D. Teach. 
This fruit is fearsomely reputed to be able to destroy the world, and is considered to be the strongest Devil Fruit within the Paramecia class, having powers no weaker than those of a Logia Devil Fruit. "
27,https://onepiece.fandom.com/wiki/Guru_Guru_no_Mi,devil_fruits,Guru Guru no Mi,"[ of Guru Guru no Mi]

 Guru Guru no Mi Statistics Japanese Name: グルグルの実 Official English Name: Spin-Spin Fruit Meaning: Sound of rotating Usage Debut: Chapter 692; Episode 618 Type: Paramecia Current User: Buffalo 
The Guru Guru no Mi is a Paramecia-type Devil Fruit that allows the user to become a Rotation Human (回転人間, Kaiten Ningen?), creating propellers around their body giving them the ability of flight. It was eaten by Buffalo. "
28,https://onepiece.fandom.com/wiki/Hana_Hana_no_Mi,devil_fruits,Hana Hana no Mi,"[ of Hana Hana no Mi]

 Hana Hana no Mi Statistics Japanese Name: ハナハナの実 Official English Name: Hana-Hana Fruit (4Kids);Flower-Flower Fruit (VIZ, Funimation) Meaning: Flower; Bloom Fruit Debut: One Piece Magazine Vol.6 Usage Debut: Chapter 114; Episode 67 Type: Paramecia Current User: Nico Robin 
The Hana Hana no Mi is a Paramecia-type Devil Fruit that allows the user to replicate and sprout pieces of their body from the surface of any object or living thing. As further allusion to this, pinkish-white petal-like particles form at and then swirl away from where the parts sprout and vanish, as well as around the user itself. It was eaten by Nico Robin. 
The power of the fruit was first demonstrated but not clearly seen before Luffy and crew when they first met Robin on the Going Merry. The fruit's actual power was fully revealed during Robin and Pell's confrontation. "
29,https://onepiece.fandom.com/wiki/Hira_Hira_no_Mi,devil_fruits,Hira Hira no Mi,"[ of Hira Hira no Mi]

 Hira Hira no Mi Statistics Japanese Name: ヒラヒラの実 Official English Name: Ripple-Ripple Fruit (VIZ Media, Funimation subs, Funimation dub (main series));Flutter-Flutter Fruit (Funimation dub (Episode of Sabo)) Meaning: Flap; Flutter Usage Debut: Chapter 736; Episode 668 Type: Paramecia Current User: Diamante 
The Hira Hira no Mi is a Paramecia-type Devil Fruit that allows the user to make their body and any object they touch become flat and flexible, letting solid objects ripple, billow, and flutter like a piece of cloth or a flag. The user is described as a Flag Human (旗人間, Furaggu Ningen?, VIZ: Flag-Man) due to the visual effect of these powers. It was eaten by Diamante. "
30,https://onepiece.fandom.com/wiki/Hobi_Hobi_no_Mi,devil_fruits,Hobi Hobi no Mi,"[ of Hobi Hobi no Mi]

 Hobi Hobi no Mi Statistics Japanese Name: ホビホビの実 Official English Name: Hobby-Hobby Fruit Meaning: Hobby Usage Debut: Chapter 701; Episode 630 Type: Paramecia Current User: Sugar The Hobi Hobi no Mi is a Paramecia-class Devil Fruit that allows the user to transform living people into toys, and erase memories of their existence from others. It has a secondary side effect of granting the eater eternal youth. It was eaten by Sugar. "
31,https://onepiece.fandom.com/wiki/Horo_Horo_no_Mi,devil_fruits,Horo Horo no Mi,"[ of Horo Horo no Mi]

 Horo Horo no Mi Statistics Japanese Name: ホロホロの実 Official English Name: Hollow-Hollow Fruit Meaning: Hollow Fruit Debut: One Piece Magazine Vol.17 Usage Debut: Chapter 442; Episode 337 Type: Paramecia Current User: Perona 
The Horo Horo no Mi is a Paramecia-type Devil Fruit that allows the user to conjure ghosts, making the user a Ghost Human (霊体人間, Reitai Ningen?). It was eaten by Perona. 
The powers of the fruit were first demonstrated by one of Perona's ghosts spying on the Straw Hat Pirates, but it was not until much later that the fruit itself was named. "
32,https://onepiece.fandom.com/wiki/Horu_Horu_no_Mi,devil_fruits,Horu Horu no Mi,"[ of Horu Horu no Mi]

 Horu Horu no Mi Statistics Japanese Name: ホルホルの実 Official English Name: Horm-Horm Fruit (VIZ and Funimation);Hor-Hor Fruit (One Piece Official YouTube Channel) Meaning: Hormones Usage Debut: Chapter 537; Episode 439 Type: Paramecia Current User: Emporio Ivankov 
The Horu Horu no Mi is a Paramecia-type Devil Fruit that grants the user the ability to create a variety of special hormones that can alter the recipient's body in any way the user desires, making the user a Hormone Controlling Human (ホルモン自在人間, Horumon Jizai Ningen?). It was eaten by Emporio Ivankov. "
33,https://onepiece.fandom.com/wiki/Hoya_Hoya_no_Mi,devil_fruits,Hoya Hoya no Mi,"[ of Hoya Hoya no Mi]

 Hoya Hoya no Mi Statistics Japanese Name: ホヤホヤの実 Official English Name: Puff-Puff Fruit Meaning: Lamp Chimney; Sound of smoke/steam Usage Debut: Chapter 864, Episode 826 Type: Paramecia Current User: Charlotte Daifuku 
The Hoya Hoya no Mi is a Paramecia-type Devil Fruit that allows the user to summon a genie from their body, making the user a Lamp Human (ランプ人間, Ranpu Ningen?, Viz: ""Lampman""). It was eaten by Charlotte Daifuku. "
34,https://onepiece.fandom.com/wiki/Ishi_Ishi_no_Mi,devil_fruits,Ishi Ishi no Mi,"[ of Ishi Ishi no Mi]

 Ishi Ishi no Mi Statistics Japanese Name: イシイシの実 Official English Name: Stone-Stone Fruit Meaning: Stone Usage Debut: Chapter 736; Episode 669 Type: Paramecia Current User: Pica 
The Ishi Ishi no Mi is a Paramecia-type Devil Fruit that allows the user to merge with and manipulate stone, making the user a Stone Assimilation Human (岩石同化人間, Ganseki Dōka Ningen?, VIZ: ""Stone-Assimilation Man""). It was eaten by Pica. 
This fruit is not to be confused with a Logia-type Devil Fruit, as the user cannot transform their body parts into stone nor generate it from their own body. "
35,https://onepiece.fandom.com/wiki/Ito_Ito_no_Mi,devil_fruits,Ito Ito no Mi,"[ of Ito Ito no Mi]

 Ito Ito no Mi Statistics Japanese Name: イトイトの実 Official English Name: String-String Fruit Meaning: String; Thread Fruit Debut: Chapter 782; Episode 723 Usage Debut: Chapter 234; Episode 151 Type: Paramecia Current User: Donquixote Doflamingo 
The Ito Ito no Mi is a Paramecia-type Devil Fruit that allows the user to create and manipulate strings, making the user a String Human (糸人間, Ito Ningen?). It was eaten by the former Warlord of the Sea Donquixote Doflamingo. 
Its power was first seen in the Jaya Arc and then several times afterward, but not named or explained in any way until the Dressrosa Arc. "
36,https://onepiece.fandom.com/wiki/Jake_Jake_no_Mi,devil_fruits,Jake Jake no Mi,"[ of Jake Jake no Mi]

 Jake Jake no Mi Statistics Japanese Name: ジャケジャケの実 Official English Name: Jacket-Jacket Fruit Meaning: Jacket Usage Debut: Chapter 715; Episode 645 Type: Paramecia Current User: Kelly Funk 
The Jake Jake no Mi is a Paramecia-type Devil Fruit that allows the user to become a jacket and be worn by others, which makes them a Jacket Human (ジャケット人間, Jaketto Ningen?). It was eaten by Kelly Funk. "
37,https://onepiece.fandom.com/wiki/Jiki_Jiki_no_Mi,devil_fruits,Jiki Jiki no Mi,"[ of Jiki Jiki no Mi]

 Jiki Jiki no Mi Statistics Japanese Name: ジキジキの実 Official English Name: Magnet-Magnet Fruit Meaning: Magnetism Fruit Debut: One Piece Magazine Vol.14 Usage Debut: Chapter 504; Episode 398 Type: Paramecia Current User: Eustass Kid 
The Jiki Jiki no Mi is a Paramecia-type Devil Fruit which allows the user to create magnetic forces and use them to control metal. It was eaten by Eustass Kid. "
38,https://onepiece.fandom.com/wiki/Juku_Juku_no_Mi,devil_fruits,Juku Juku no Mi,"[ of Juku Juku no Mi]

 Juku Juku no Mi Statistics Japanese Name: ジュクジュクの実 Official English Name: Ripe-Ripe Enticement Jutsu (VIZ and Funimation);Ripe-Ripe Fruit (One Piece Official YouTube Channel) Meaning: Mature Usage Debut: Chapter 924; Episode 916 Type: Paramecia Current User: Shinobu 
The Juku Juku no Mi is a Paramecia-type Devil Fruit which allows the user to mature and decay anything they touch. It was eaten by Shinobu. "
39,https://onepiece.fandom.com/wiki/Kage_Kage_no_Mi,devil_fruits,Kage Kage no Mi,"[ of Kage Kage no Mi]

 Kage Kage no Mi Statistics Japanese Name: カゲカゲの実 Official English Name: Shadow-Shadow Fruit Meaning: Shadow Fruit Debut: One Piece Magazine Vol.8 Usage Debut: Chapter 443; Episode 338 Type: Paramecia Current User: Gecko Moria 
The Kage Kage no Mi is a Paramecia-type Devil Fruit that gives the user the ability to manifest and control shadows of living creatures, including their own, as physical and tangible forms. The user, becoming a Ruler of Shadows (影の支配者, Kage no Shihaisha?, VIZ: Master of Shadows), can steal the shadows of other beings and insert them into different bodies, living or dead, which in the latter case enables the creation of zombies. 
It was eaten by former Warlord of the Sea Gecko Moria. The effect of the fruit's powers was first noticed on Brook when meeting the Straw Hats. "
40,https://onepiece.fandom.com/wiki/Kibi_Kibi_no_Mi,devil_fruits,Kibi Kibi no Mi,"[ of Kibi Kibi no Mi]

 Kibi Kibi no Mi Statistics Japanese Name: キビキビの実 Official English Name: Millet-Millet Fruit Meaning: Millet Usage Debut: Chapter 911; Episode 893 Type: Paramecia Current User: Tama 
The Kibi Kibi no Mi is a Paramecia-type Devil Fruit which allows the user to create ""dango"" from their cheeks that can tame animals and those of part-animal nature. It was eaten by Tama. "
41,https://onepiece.fandom.com/wiki/Kira_Kira_no_Mi,devil_fruits,Kira Kira no Mi,"[ of Kira Kira no Mi]

 Kira Kira no Mi Statistics Japanese Name: キラキラの実 Official English Name: Twinkle-Twinkle Fruit Meaning: Sparkle Usage Debut: Chapter 553; Episode 463 Type: Paramecia Current User: Jozu 
The Kira Kira no Mi is a Paramecia-type Devil Fruit which allows the user to transform their body into diamond. It was eaten by Jozu. "
42,https://onepiece.fandom.com/wiki/Kiro_Kiro_no_Mi,devil_fruits,Kiro Kiro no Mi,"[ of Kiro Kiro no Mi]

 Kiro Kiro no Mi Statistics Japanese Name: キロキロの実 Official English Name: Kilo-Kilo Fruit;Pound-Pound Fruit (Odex) Meaning: Kilo from Kilogram Fruit Debut: One Piece Magazine Vol.11 Usage Debut: Chapter 112; Episode 66 Type: Paramecia Current User: Mikita 
The Kiro Kiro no Mi is a Paramecia-type Devil Fruit that allows the user to change their weight from 1 to 10,000 kilograms without, in any way, affecting the overall size of their body. It was eaten by the former Baroque Works agent Mikita, better known by her alias Miss Valentine. "
43,https://onepiece.fandom.com/wiki/Kobu_Kobu_no_Mi,devil_fruits,Kobu Kobu no Mi,"[ of Kobu Kobu no Mi]

 Kobu Kobu no Mi Statistics Japanese Name: コブコブの実 Official English Name: Pump-Pump Fruit Meaning: Encouragement Usage Debut: Chapter 904, Episode 880 Type: Paramecia Current User: Belo Betty 
The Kobu Kobu no Mi is a Paramecia-type Devil Fruit that allows the user to encourage and rally other people to awaken their latent potential to fight. It was eaten by Belo Betty. "
44,https://onepiece.fandom.com/wiki/Kuku_Kuku_no_Mi,devil_fruits,Kuku Kuku no Mi,"[ of Kuku Kuku no Mi]

 Kuku Kuku no Mi Statistics Japanese Name: ククククの実 Official English Name: Cook-Cook Fruit Meaning: Cook Usage Debut: Chapter 868; Episode 832 Type: Paramecia Current User: Streusen 
The Kuku Kuku no Mi is a Paramecia-type Devil Fruit that allows the user to turn objects into food. It was eaten by Streusen. "
45,https://onepiece.fandom.com/wiki/Kuri_Kuri_no_Mi,devil_fruits,Kuri Kuri no Mi,"[ of Kuri Kuri no Mi]

 Kuri Kuri no Mi Statistics Japanese Name: クリクリの実 Official English Name: Cream-Cream Fruit Meaning: Cream Usage Debut: Chapter 846; Episode 810 Type: Paramecia Current User: Charlotte Opera 
The Kuri Kuri no Mi is a Paramecia-type Devil Fruit that allows the user to create and manipulate cream at will, making them a Cream Human (クリーム人間, Kurīmu Ningen?). It was eaten by Charlotte Opera. "
46,https://onepiece.fandom.com/wiki/Maki_Maki_no_Mi,devil_fruits,Maki Maki no Mi,"[ of Maki Maki no Mi]

 Maki Maki no Mi Statistics Japanese Name: マキマキの実 Official English Name: Scrolling Jutsu (Former);Scroll-Scroll Jutsu;Scroll-Scroll Fruit (One Piece Official YouTube Channel) Meaning: Scroll Usage Debut: Chapter 817; Episode 768 Type: Paramecia Current User: Raizo 
The Maki Maki no Mi is a Paramecia-type Devil Fruit that allows the user to create and control scrolls at will, which have special properties including storing objects and generating drawings. It was eaten by Raizo. "
47,https://onepiece.fandom.com/wiki/Mane_Mane_no_Mi,devil_fruits,Mane Mane no Mi,"[ of Mane Mane no Mi]

 Mane Mane no Mi Statistics Japanese Name: マネマネの実 Official English Name: Clone-Clone Fruit Meaning: Imitation Usage Debut: Chapter 156; Episode 92 (Bentham)Chapter 965; Episode 965 (Kurozumi Higurashi) Type: Paramecia Previous User: Kurozumi Higurashi Current User: Bentham 
The Mane Mane no Mi is a Paramecia-type Devil Fruit that allows the user to turn themselves into a physical double of anyone they touch, making the user an Imitating Human (マネ人間, Mane Ningen?, VIZ: ""Mimic man""). It was eaten by former Baroque Works agent Bentham, also known by the alias Mr. 2 Bon Kurei. 
It had previously been eaten by Kurozumi Higurashi before she was killed by Kaidou. "
48,https://onepiece.fandom.com/wiki/Mato_Mato_no_Mi,devil_fruits,Mato Mato no Mi,"[ of Mato Mato no Mi]

 Mato Mato no Mi Statistics Japanese Name: マトマトの実 Official English Name: Mark-Mark Fruit Meaning: Target Usage Debut: Chapter 613; Episode 532 Type: Paramecia Current User: Vander Decken IX 
The Mato Mato no Mi is a Paramecia-type Devil Fruit that makes the user capable of aiming at whichever ""target"" he decides upon from any location and at any time with anything at ease. It was eaten by Flying Pirates captain Vander Decken IX. 
Due to Decken telling others that this power is a ""curse"", it has also been referred to as the Mato Mato Curse (マトマトの呪い, Mato Mato no Noroi?, Mark-Mark Curse in the English versions). "
49,https://onepiece.fandom.com/wiki/Memo_Memo_no_Mi,devil_fruits,Memo Memo no Mi,"[ of Memo Memo no Mi]

 Memo Memo no Mi Statistics Japanese Name: メモメモの実 Official English Name: Memo-Memo Fruit Meaning: Memory Usage Debut: Chapter 851; Episode 818 Type: Paramecia Current User: Charlotte Pudding 
The Memo Memo no Mi is a Paramecia-type Devil Fruit that allows the user to turn people's memories into strips of film and manipulate them. It was eaten by Charlotte Pudding. "
50,https://onepiece.fandom.com/wiki/Mero_Mero_no_Mi,devil_fruits,Mero Mero no Mi,"[ of Mero Mero no Mi]

 Mero Mero no Mi Statistics Japanese Name: メロメロの実 Official English Name: Love-Love Fruit Meaning: Fall in Love Fruit Debut: One Piece Magazine Vol.16 Usage Debut: Chapter 516; Episode 410 Type: Paramecia Current User: Boa HancockS-Snake (Artificial) 
The Mero Mero no Mi is a Paramecia-type Devil Fruit that allows a range of attacks which use emotions of love, lust or adoration to transform opponents into stone. It was eaten by the former Warlord Boa Hancock, who was force-fed it by a World Noble. 
This fruit's abilities were duplicated in the Seraph S-Snake, via a transfusion of Green Blood. "
51,https://onepiece.fandom.com/wiki/Mira_Mira_no_Mi,devil_fruits,Mira Mira no Mi,"[ of Mira Mira no Mi]

 Mira Mira no Mi Statistics Japanese Name: ミラミラの実 Official English Name: Mirror-Mirror Fruit Meaning: Mirror Usage Debut: Chapter 831; Episode 790 Type: Paramecia Current User: Charlotte Brûlée The Mira Mira no Mi is a Paramecia-type Devil Fruit that allows the user to create mirrors which can reflect attacks or appearances, making the user a Mirror Human (鏡人間, Kagami Ningen?). It was eaten by Charlotte Brûlée. "
52,https://onepiece.fandom.com/wiki/Mochi_Mochi_no_Mi,devil_fruits,Mochi Mochi no Mi,"[ of Mochi Mochi no Mi]

 Mochi Mochi no Mi Statistics Japanese Name: モチモチの実 Official English Name: Mochi-Mochi Fruit Meaning: Mochi; Springy Fruit Debut: One Piece Magazine Vol.14 Usage Debut: Chapter 863; Episode 833 Type: Special Paramecia Current User: Charlotte Katakuri 
The Mochi Mochi no Mi is a Special Paramecia-type Devil Fruit that allows the user to create, control, and transform into mochi. It was eaten by Charlotte Katakuri. "
53,https://onepiece.fandom.com/wiki/Muchi_Muchi_no_Mi,devil_fruits,Muchi Muchi no Mi,"[ of Muchi Muchi no Mi]

 Muchi Muchi no Mi Statistics Japanese Name: ムチムチの実 Official English Name: Whip-Whip Fruit Meaning: Whip Usage Debut: Chapter 1080 Type: Paramecia Current User: Kujaku 
The Muchi Muchi no Mi is a Paramecia-type Devil Fruit that allows the user to use whips to command anything they hit, turning the user into a Training Human (調教人間, Chōkyō Ningen?, VIZ: ""Discipline-Woman""). It was eaten by Kujaku. "
54,https://onepiece.fandom.com/wiki/Nagi_Nagi_no_Mi,devil_fruits,Nagi Nagi no Mi,"[ of Nagi Nagi no Mi]

 Nagi Nagi no Mi Statistics Japanese Name: ナギナギの実 Official English Name: Calm-Calm Fruit Meaning: Calm Usage Debut: Chapter 764; Episode 703 Type: Paramecia Previous User: Donquixote Rosinante 
The Nagi Nagi no Mi is a Paramecia-class Devil Fruit that allows the user to create a soundproof field and to cancel all noises, making the user a Soundless Human (無音人間, Muon Ningen?, Funimation dub: ""Silent Man""). It was eaten by Donquixote Rosinante, but with his death, the fruit has returned to circulation. "
55,https://onepiece.fandom.com/wiki/Netsu_Netsu_no_Mi,devil_fruits,Netsu Netsu no Mi,"[ of Netsu Netsu no Mi]

 Netsu Netsu no Mi Statistics Japanese Name: ネツネツの実 Official English Name: Heat-Heat Fruit Meaning: Heat Usage Debut: Chapter 864; Episode 827 Type: Paramecia Current User: Charlotte Oven 
The Netsu Netsu no Mi is a Paramecia-type Devil Fruit that allows the user to emanate heat from their body, making the user a High Heat Human (高熱人間, Kōnetsu Ningen?, Viz: ""Bakeman""). It was eaten by Charlotte Oven. "
56,https://onepiece.fandom.com/wiki/Nikyu_Nikyu_no_Mi,devil_fruits,Nikyu Nikyu no Mi,"[ of Nikyu Nikyu no Mi]

 Nikyu Nikyu no Mi Statistics Japanese Name: ニキュニキュの実 Official English Name: Paw-Paw Fruit Meaning: Paw Usage Debut: Chapter 473; Episode 368 Type: Paramecia Current User: Bartholomew KumaS-Bear (Artificial) 
The Nikyu Nikyu no Mi is a Paramecia-type Devil Fruit that bestows its user the ability to repel everything they touch, and is physically represented as paws on the user's palms, making the user a Paw Human (肉球人間, Nikukyū Ningen?, English versions: ""Paw-Palmed Human""). The paws are permanently engraved into the user, as Kuma is always seen wearing gloves when his powers are not in use. It was eaten by Bartholomew Kuma. 
This fruit's abilities were duplicated in the Seraph S-Bear, via a transfusion of Green Blood. "
57,https://onepiece.fandom.com/wiki/Nomi_Nomi_no_Mi,devil_fruits,Nomi Nomi no Mi,"[ of Nomi Nomi no Mi]

 Nomi Nomi no Mi Statistics Japanese Name: ノミノミの実 Official English Name: Brain-Brain Fruit Meaning: Brains Usage Debut: Chapter 1066 Type: Paramecia Current User: Vegapunk 
The Nomi Nomi no Mi is a Paramecia-type Devil Fruit that allows the user's brain to expand indefinitely with new knowledge, making the user a Brains Human (脳ミソ人間, Nōmiso Ningen?, Viz: ""Brain-Man""). It was eaten by Vegapunk. "
58,https://onepiece.fandom.com/wiki/Nori_Nori_no_Mi,devil_fruits,Nori Nori no Mi,"[ of Nori Nori no Mi]

 Nori Nori no Mi Statistics Japanese Name: ノリノリの実 Official English Name: Ride-Ride Fruit Meaning: Ride Usage Debut: Chapter 1094 Type: Paramecia Current User: Bluegrass 
The Nori Nori no Mi is a Paramecia-type Devil Fruit that allows the user to control anything they ride, turning them into a Driving Human (ドライブ人間, Doraibu Ningen?, VIZ: ""Driver""). It was eaten by Bluegrass. "
59,https://onepiece.fandom.com/wiki/Noro_Noro_no_Mi,devil_fruits,Noro Noro no Mi,"[ of Noro Noro no Mi]

 Noro Noro no Mi Statistics Japanese Name: ノロノロの実 Official English Name: Slow-Slow Fruit Meaning: Slowly; Sluggishly Usage Debut: Chapter 308; Episode 210 Type: Paramecia Current User: Foxy 
The Noro Noro no Mi is a Paramecia-type Devil Fruit that allows the user to emit beams which temporarily slow down their target, making the user a Noroma Human (ノロマ人間, Noroma Ningen?, Viz: ""Slowpoke Human""). It was eaten by Foxy the Silver Fox. "
60,https://onepiece.fandom.com/wiki/Nui_Nui_no_Mi,devil_fruits,Nui Nui no Mi,"[ of Nui Nui no Mi]

 Nui Nui no Mi Statistics Japanese Name: ヌイヌイの実 Official English Name: Stitch-Stitch Power (VIZ and Funimation);Sew-Sew Fruit (One Piece Official YouTube Channel) Meaning: Sewing Usage Debut: Chapter 711; Episode 641 Type: Paramecia Current User: Leo 
The Nui Nui no Mi is a Paramecia-type Devil Fruit that grants the user the ability to stitch things together and un-stitch them like if nothing had happened. It was eaten by Leo. "
61,https://onepiece.fandom.com/wiki/Ope_Ope_no_Mi,devil_fruits,Ope Ope no Mi,"[ of Ope Ope no Mi]

 Ope Ope no Mi Statistics Japanese Name: オペオペの実 Official English Name: Op-Op Fruit Meaning: Operation Fruit Debut: Chapter 765; Episode 704 Usage Debut: Chapter 504; Episode 398 Type: Paramecia Previous User: A certain doctor Current User: Trafalgar D. Water Law 
The Ope Ope no Mi is a Paramecia-type Devil Fruit granting the ability to create a spherical forcefield in which the user can freely alter the orientation, movements, and configuration/anatomy of anything and anyone (themselves included) in a ""surgical"" fashion, making the user a Free Modification Human (改造自在人間, Kaizō Jizai Ningen?). The fruit was eaten by Trafalgar D. Water Law, force-fed to him by Donquixote Rosinante. Before Law, the fruit's powers were held by a certain famous doctor. 
The Ope Ope no Mi's power was first seen during the Sabaody Archipelago Arc, but the fruit was not named or explained in any way until the Punk Hazard Arc. 
The Ope Ope no Mi is renowned and coveted for allowing the user to perform miraculous surgeries, cure untreatable diseases, and even circumvent physical disabilities. It is also called the ""Ultimate Devil Fruit"" (究極の悪魔の実, Kyūkyoku no Akuma no Mi?), because of its unique power to grant another person eternal youth in exchange for the user's own life. For this reason, the Marines were willing to pay as much as 5,000,000,000 to buy the fruit from a pirate named Diez Barrels over a decade ago. "
62,https://onepiece.fandom.com/wiki/Ori_Ori_no_Mi,devil_fruits,Ori Ori no Mi,"[ of Ori Ori no Mi]

 Ori Ori no Mi Statistics Japanese Name: オリオリの実 Official English Name: Bind-Bind Fruit (Viz);Cage-Cage Fruit (4Kids, Funimation) Meaning: Cage Usage Debut: Chapter 217, Episode 130 Type: Paramecia Current User: Hina 
The Ori Ori no Mi is a Paramecia-type Devil Fruit that allows the user to bind their foes in iron shackles created by the user's body. It was eaten by Hina. "
63,https://onepiece.fandom.com/wiki/Oshi_Oshi_no_Mi,devil_fruits,Oshi Oshi no Mi,"[ of Oshi Oshi no Mi]

 Oshi Oshi no Mi Statistics Japanese Name: オシオシの実 Official English Name: Push-Push Fruit Meaning: Push Usage Debut: Chapter 904, Episode 880 Type: Paramecia Current User: Morley 
The Oshi Oshi no Mi is a Paramecia-type Devil Fruit that allows the user to freely move and shape the ground as though it was malleable like clay. It was eaten by Morley. "
64,https://onepiece.fandom.com/wiki/Oto_Oto_no_Mi,devil_fruits,Oto Oto no Mi,"[ of Oto Oto no Mi]

 Oto Oto no Mi Statistics Japanese Name: オトオトの実 Official English Name: Tone-Tone Fruit Meaning: Sound Usage Debut: Chapter 509; Episode 402 Type: Paramecia Current User: Scratchmen Apoo 
The Oto Oto no Mi is a Paramecia-type Devil Fruit which allows the user to transform parts of their body into musical instruments and play music with a variety of destructive effects. It was eaten by Scratchmen Apoo. "
65,https://onepiece.fandom.com/wiki/Pamu_Pamu_no_Mi,devil_fruits,Pamu Pamu no Mi,"[ of Pamu Pamu no Mi]

 Pamu Pamu no Mi Statistics Japanese Name: パムパムの実 Official English Name: Pop-Pop Fruit Meaning: Rupture Usage Debut: Chapter 723; Episode 653 Type: Paramecia Current User: Gladius 
The Pamu Pamu no Mi is a Paramecia-type Devil Fruit that allows the user to cause their own body or any inorganic object they touch to rupture and explode, turning them into a Puncture Human (破裂人間, Panku Ningen?, Viz: ""Rupture-Man""; Funimation: ""Rupture Man""). It was eaten by Gladius. "
66,https://onepiece.fandom.com/wiki/Pero_Pero_no_Mi,devil_fruits,Pero Pero no Mi,"[ of Pero Pero no Mi]

 Pero Pero no Mi Statistics Japanese Name: ペロペロの実 Official English Name: Lick-Lick Fruit Meaning: Sound of licking Usage Debut: Chapter 834; Episode 795 Type: Paramecia Current User: Charlotte Perospero The Pero Pero no Mi is a Paramecia-type Devil Fruit that allows the user to create and manipulate candy at will, making the user a Candy Human (キャンディ人間, Kyandi Ningen?, VIZ: ""Candyman""). It was eaten by Charlotte Perospero. "
67,https://onepiece.fandom.com/wiki/Poke_Poke_no_Mi,devil_fruits,Poke Poke no Mi,"[ of Poke Poke no Mi]

 Poke Poke no Mi Statistics Japanese Name: ポケポケの実 Official English Name: Pocket-Pocket Fruit Meaning: Pocket Usage Debut: Chapter 553; Episode 461 Type: Paramecia Current User: Blamenco The Poke Poke no Mi is a Paramecia-type Devil Fruit that allows the user to create pockets on their body. It was eaten by Blamenco. "
68,https://onepiece.fandom.com/wiki/Riki_Riki_no_Mi,devil_fruits,Riki Riki no Mi,"[ of Riki Riki no Mi]

 Riki Riki no Mi Statistics Japanese Name: リキリキの実 Official English Name: Strong-Strong Fruit Meaning: Strength Usage Debut: Chapter 1063 Type: Paramecia Current User: Jesus Burgess 
The Riki Riki no Mi is a Paramecia-type Devil Fruit that grants its user superhuman strength. It was eaten by Jesus Burgess. "
69,https://onepiece.fandom.com/wiki/Sabi_Sabi_no_Mi,devil_fruits,Sabi Sabi no Mi,"[ of Sabi Sabi no Mi]

 Sabi Sabi no Mi Statistics Japanese Name: サビサビの実 Official English Name: Rust-Rust Fruit Meaning: Rust Usage Debut: Chapter 426; Episode 309 Type: Paramecia Current User: Shu 
The Sabi Sabi no Mi is a Paramecia-type Devil Fruit that allows the user to cause metallic items to rust and break, making the user a Rust Human (サビ人間, Sabi Ningen?). It was eaten by Marine Captain Shu. "
70,https://onepiece.fandom.com/wiki/Shari_Shari_no_Mi,devil_fruits,Shari Shari no Mi,"[ of Shari Shari no Mi]

 Shari Shari no Mi Statistics Japanese Name: シャリシャリの実 Official English Name: Wheel-Wheel Fruit Meaning: Wheel Usage Debut: Chapter 428 Type: Paramecia Current User: Sharinguru 
The Shari Shari no Mi is a Paramecia-type Devil Fruit that allows the user to transform their arms and feet into wheels, making the user a Wheel Human (車輪人間, Sharin Ningen?). It was eaten by Sharinguru. "
71,https://onepiece.fandom.com/wiki/Shibo_Shibo_no_Mi,devil_fruits,Shibo Shibo no Mi,"[ of Shibo Shibo no Mi]

 Shibo Shibo no Mi Statistics Japanese Name: シボシボの実 Official English Name: Wring-Wring Fruit Meaning: Squeeze Usage Debut: Chapter 846; Episode 812 Type: Paramecia Current User: Charlotte Smoothie The Shibo Shibo no Mi is a Paramecia-type Devil Fruit that allows its user to drain liquid from both living and non-living things by wringing them, as well as absorb liquid into themselves and their weapons, making them a Dehydration Human (脱水人間, Dassui Ningen?, Viz: ""Evaporation Human""). It was eaten by Charlotte Smoothie. "
72,https://onepiece.fandom.com/wiki/Shiku_Shiku_no_Mi,devil_fruits,Shiku Shiku no Mi,"[ of Shiku Shiku no Mi]

 Shiku Shiku no Mi Statistics Japanese Name: シクシクの実 Official English Name: Sick-Sick Fruit Meaning: Sick Usage Debut: Chapter 1063 Type: Paramecia Current User: Doc Q 
The Shiku Shiku no Mi is a Paramecia-type Devil Fruit that allows the user to afflict others with diseases. It was eaten by Doc Q. "
73,https://onepiece.fandom.com/wiki/Shima_Shima_no_Mi,devil_fruits,Shima Shima no Mi,"[ of Shima Shima no Mi]

 Shima Shima no Mi Statistics Japanese Name: シマシマの実 Official English Name: Isle-Isle Fruit Meaning: Island Usage Debut: Chapter 1080 Type: Paramecia Current User: Avalo Pizarro The Shima Shima no Mi is a Paramecia-type Devil Fruit that grants the ability to merge with an island's environment and manipulate it, making the user an Island Human (島人間, Shima Ningen?, VIZ: ""Island-Man""). It was eaten by Avalo Pizarro. "
74,https://onepiece.fandom.com/wiki/Shiro_Shiro_no_Mi,devil_fruits,Shiro Shiro no Mi,"[ of Shiro Shiro no Mi]

 Shiro Shiro no Mi Statistics Japanese Name: シロシロの実 Official English Name: Castle-Castle Fruit Meaning: Castle Usage Debut: Chapter 508; Episode 401 Type: Paramecia Current User: Capone Bege 
The Shiro Shiro no Mi is a Paramecia-type Devil Fruit that allows the user to become a living fortress, making the user a Castle Human (城人間, Shiro Ningen?). It was eaten by Capone Bege. Its powers were first revealed in the Sabaody Archipelago Arc, but the name of the fruit was not given until the Zou Arc. "
75,https://onepiece.fandom.com/wiki/Soru_Soru_no_Mi,devil_fruits,Soru Soru no Mi,"[ of Soru Soru no Mi]

 Soru Soru no Mi Statistics Japanese Name: ソルソルの実 Official English Name: Soul-Soul Fruit Meaning: Soul Usage Debut: Chapter 651; Episode 571 (Charlotte Linlin)Chapter 867; Episode 837 (Carmel) Type: Paramecia Previous User: Carmel Current User: Charlotte Linlin 
The Soru Soru no Mi is a Paramecia-type Devil Fruit that allows the user to interact with and manipulate souls. It was formerly eaten by Carmel, but the ability was transferred to Charlotte Linlin after Carmel's death. "
76,https://onepiece.fandom.com/wiki/Sube_Sube_no_Mi,devil_fruits,Sube Sube no Mi,"[ of Sube Sube no Mi]

 Sube Sube no Mi Statistics Japanese Name: スベスベの実 Official English Name: Slip-Slip Fruit (Viz, 4Kids);Smooth-Smooth Fruit (Funimation) Meaning: Smooth Fruit Debut: One Piece Magazine Vol.10 Usage Debut: Chapter 51 (cover); Episode 46 Type: Paramecia Current User: Alvida 
The Sube Sube no Mi is a Paramecia-type Devil Fruit that makes the user's body smooth and slippery, which in turn makes most attacks and objects slide off their body, protecting the user from harm in most situations. As seen with Alvida, if one is overweight in any way they will become slim by having the excess fat ""slip off"". It was eaten by Alvida. "
77,https://onepiece.fandom.com/wiki/Sui_Sui_no_Mi,devil_fruits,Sui Sui no Mi,"[ of Sui Sui no Mi]

 Sui Sui no Mi Statistics Japanese Name: スイスイの実 Official English Name: Swim-Swim Fruit Meaning: Smooth Swim Usage Debut: Chapter 732; Episode 664 Type: Paramecia Current User: Senor PinkS-Shark (Artificial) 
The Sui Sui no Mi is a Paramecia-type Devil Fruit that allows the user to swim in the ground or walls, making the user a Free-Swimming Human (遊泳自由人間, Yūei Jiyū Ningen?, Viz: Free Swimmer). It was eaten by Senor Pink. 
This fruit's abilities were duplicated in the Seraph S-Shark, via a transfusion of Green Blood. "
78,https://onepiece.fandom.com/wiki/Suke_Suke_no_Mi,devil_fruits,Suke Suke no Mi,"[ of Suke Suke no Mi]

 Suke Suke no Mi Statistics Japanese Name: スケスケの実 Official English Name: Clear-Clear Fruit Meaning: See-through; Sheer Usage Debut: Chapter 444; Episode 339 (Absalom)Chapter 925; Episode 917  (Shiryu) Type: Paramecia Previous User: Absalom Current User: Shiryu The Suke Suke no Mi is a Paramecia-type Devil Fruit that gives its user the ability to turn themselves and whatever they touch (living or nonliving) invisible, making them a Clear Human (透明人間, Tōmei Ningen?, VIZ: ""Invisible Man""). 
It was initially eaten by Absalom, and after his death it was transferred to Shiryu. "
79,https://onepiece.fandom.com/wiki/Supa_Supa_no_Mi,devil_fruits,Supa Supa no Mi,"[ of Supa Supa no Mi]

 Supa Supa no Mi Statistics Japanese Name: スパスパの実 Official English Name: Dice-Dice Fruit Meaning: Sound of cutting Usage Debut: Chapter 160; Episode 103 Type: Paramecia Current User: Daz BonezS-Hawk (Artificial) 
The Supa Supa no Mi is a Paramecia-type Devil Fruit that enables the user's body to gain characteristics of a steel blade to attack opponents with, making the user a Full-Body Bladed Human (全身刃物人間, Zenshin Hamono Ningen?, VIZ: ""Human Sword""). It was eaten by former Baroque Works agent and current Cross Guild member Daz Bonez, also known by his alias Mr. 1. 
The fruit's powers were first seen being used by Bonez to slice a wall he was about to hit, after he had been kicked by Mr. 2. The fruit's powers were fully revealed during his battle with Roronoa Zoro. 
This fruit's abilities were duplicated in the Seraph S-Hawk, via a transfusion of Green Blood. "
80,https://onepiece.fandom.com/wiki/Toge_Toge_no_Mi,devil_fruits,Toge Toge no Mi,"[ of Toge Toge no Mi]

 Toge Toge no Mi Statistics Japanese Name: トゲトゲの実 Official English Name: Spike-Spike Fruit Meaning: Spike; Thorn Usage Debut: Chapter 190; Episode 117 Type: Paramecia Current User: Zala The Toge Toge no Mi is a Paramecia-type Devil Fruit that allows the user to grow spikes on any part of their body, and turn any body part entirely into a spike, making the user a Spike Human (棘人間, Toge Ningen?, VIZ: ""Human Spike""). It was eaten by former Baroque Works agent Zala, better known by her alias Miss Doublefinger. "
81,https://onepiece.fandom.com/wiki/Toki_Toki_no_Mi,devil_fruits,Toki Toki no Mi,"[ of Toki Toki no Mi]

 Toki Toki no Mi Statistics Japanese Name: トキトキの実 Official English Name: Time-Time Ability (VIZ);Time-Time Fruit (Funimation) Meaning: Time Usage Debut: Chapter 920; Episode 910 Type: Paramecia Previous User: Kozuki Toki 
The Toki Toki no Mi is a Paramecia-type Devil Fruit that allows the user to send themselves and others forward in time. It was eaten by Kozuki Toki, but with her death, the fruit has returned into circulation. "
82,https://onepiece.fandom.com/wiki/Ton_Ton_no_Mi,devil_fruits,Ton Ton no Mi,"[ of Ton Ton no Mi]

 Ton Ton no Mi Statistics Japanese Name: トントンの実 Official English Name: Ton-Ton Fruit Meaning: Ton Usage Debut: Chapter 735; Episode 667 Type: Paramecia Current User: Machvise 
The Ton Ton no Mi is a Paramecia-type Devil Fruit which allows the user to increase their weight, making them a Super Weight Human (超体重人間, Sūpā Weito Ningen?). It was eaten by the former Donquixote Family combatant Machvise. 
The fruit's power was shown during the conflict of Dressrosa, but was not named until it was revealed in SBS Volume 79. "
83,https://onepiece.fandom.com/wiki/Wapu_Wapu_no_Mi,devil_fruits,Wapu Wapu no Mi,"[ of Wapu Wapu no Mi]

 Wapu Wapu no Mi Statistics Japanese Name: ワプワプの実 Official English Name: Warp-Warp Fruit Meaning: Warp Usage Debut: Chapter 1063 Type: Paramecia Current User: Van Augur The Wapu Wapu no Mi is a Paramecia-type Devil Fruit that allows the user to teleport themselves and others from place to place. It was eaten by Van Augur. "
84,https://onepiece.fandom.com/wiki/Wara_Wara_no_Mi,devil_fruits,Wara Wara no Mi,"[ of Wara Wara no Mi]

 Wara Wara no Mi Statistics Japanese Name: ワラワラの実 Official English Name: Straw-Straw Fruit Meaning: Straw Usage Debut: Chapter 508; Episode 401 Type: Paramecia Current User: Basil Hawkins 
The Wara Wara no Mi is a Paramecia-type Devil Fruit that allows the user to create and manipulate straw at will, with the straw having damage-redirecting properties. It was eaten by Basil Hawkins. 
Its powers were first demonstrated during the Sabaody Archipelago Arc, but it was not named until the Wano Country Arc. "
85,https://onepiece.fandom.com/wiki/Woshu_Woshu_no_Mi,devil_fruits,Woshu Woshu no Mi,"[ of Woshu Woshu no Mi]

 Woshu Woshu no Mi Statistics Japanese Name: ウォシュウォシュの実 Official English Name: Wash-Wash Fruit Meaning: Wash Usage Debut: Chapter 556; Episode 465 Type: Paramecia Current User: Tsuru 
The Woshu Woshu no Mi is a Paramecia-type Devil Fruit that allows the user to literally ""wash and hang out to dry"" people and objects as if they were clothes, making the user a Laundry Human (洗濯人間, Sentaku Ningen?, VIZ: ""Washer Human""). It was eaten by Tsuru. "
86,https://onepiece.fandom.com/wiki/Yomi_Yomi_no_Mi,devil_fruits,Yomi Yomi no Mi,"[ of Yomi Yomi no Mi]

 Yomi Yomi no Mi Statistics Japanese Name: ヨミヨミの実 Official English Name: Revive-Revive Fruit Meaning: Resurrection Fruit Debut: One Piece Magazine Vol.8 Usage Debut: Chapter 442; Episode 337 Type: Paramecia Current User: Brook The Yomi Yomi no Mi is a Paramecia-type Devil Fruit which enhances the user's soul to the point where they resurrect after their first death, allowing them to live a second time and to use several other soul-based abilities, making the user a Reviving Human (復活人間, Fukkatsu Ningen?). It was eaten by Brook. "
87,https://onepiece.fandom.com/wiki/Zushi_Zushi_no_Mi,devil_fruits,Zushi Zushi no Mi,"[ of Zushi Zushi no Mi]

 Zushi Zushi no Mi Statistics Japanese Name: ズシズシの実 Official English Name: Press-Press Fruit Meaning: Sound of heavy stomps Usage Debut: Chapter 701; Episode 631 Type: Paramecia Current User: Issho 
The Zushi Zushi no Mi is a Paramecia-type Devil Fruit which allows the user to create and manipulate gravitational forces. It was eaten by Issho, better known as Admiral Fujitora. "
